id,property_name,country,property_title,property_intro
40,Kaner Retreat,India,Kaner Retreat: Heritage Living Amid Rajasthan's Wild Calm,"Set within the arid beauty of rural Rajasthan, Kaner Retreat welcomes guests into a restored heritage home where hand-crafted stonework, lime-washed walls and locally woven textiles tell quiet stories of place. Days unfold with village walks, birdwatching across nearby wetlands and slow meals drawn from regional harvests. Artisans from surrounding hamlets shape much of what you see and taste here, and desert conservation efforts continue alongside. It is a stay that rewards curiosity and lingering."
40,Kaner Retreat,India,Kaner Retreat: Heritage Living Amid Rajasthan's Wild Calm,"Set within the arid beauty of rural Rajasthan, Kaner Retreat welcomes guests into a restored heritage home where hand-crafted stonework, lime-washed walls and locally woven textiles tell quiet stories of place. Days unfold with village walks, birdwatching across nearby wetlands and slow meals drawn from regional harvests. Artisans from surrounding hamlets shape much of what you see and taste here, and desert conservation efforts continue alongside. It is a stay that rewards curiosity and lingering."
244,Flame of the Forest,India,Flame of the Forest: Tented Luxury on Kanha's Wild Edge,"On the fringes of Kanha's sal forests in Madhya Pradesh, Flame of the Forest offers just a handful of tented suites, each opening onto meadows where deer graze at dusk. Days unfold with expert-led safaris, slow breakfasts beneath ancient trees and conversations with naturalists who know these woods intimately. Interiors blend colonial restraint with local craft, while the lodge works closely with neighbouring villages and tiger conservation efforts, making every stay quietly consequential."
244,Flame of the Forest,India,Flame of the Forest: Tented Luxury on Kanha's Wild Edge,"On the fringes of Kanha's sal forests in Madhya Pradesh, Flame of the Forest offers just a handful of tented suites, each opening onto meadows where deer graze at dusk. Days unfold with expert-led safaris, slow breakfasts beneath ancient trees and conversations with naturalists who know these woods intimately. Interiors blend colonial restraint with local craft, while the lodge works closely with neighbouring villages and tiger conservation efforts, making every stay quietly consequential."
251,Island Luxury Boutique Hotel Fulhadhoo,Maldives,Island Luxury Boutique Hotel Fulhadhoo: Barefoot Maldives Calm,"On Fulhadhoo, a slender island in Baa Atoll fringed by one of the Maldives' longest sandbanks, this intimate retreat offers a rare glimpse of local island life alongside quiet comfort. Rooms are simply and thoughtfully finished, opening to sea breezes and coconut palms. Days drift between snorkelling turtle-rich reefs, dhoni trips to uninhabited sandbanks and home-cooked Maldivian meals. Run with the village at its heart, it supports island livelihoods and gentle, reef-respectful travel."
251,Island Luxury Boutique Hotel Fulhadhoo,Maldives,Island Luxury Boutique Hotel Fulhadhoo: Barefoot Maldives Calm,"On Fulhadhoo, a slender island in Baa Atoll fringed by one of the Maldives' longest sandbanks, this intimate retreat offers a rare glimpse of local island life alongside quiet comfort. Rooms are simply and thoughtfully finished, opening to sea breezes and coconut palms. Days drift between snorkelling turtle-rich reefs, dhoni trips to uninhabited sandbanks and home-cooked Maldivian meals. Run with the village at its heart, it supports island livelihoods and gentle, reef-respectful travel."
283,Drenmo Lodge,India,Drenmo Lodge: Ladakh's High-Altitude Haven for Snow Leopards,"Set among the cold-desert ridges of Ladakh's Ulley valley, Drenmo Lodge sits at 4,000 metres in one of the finest places on earth to track snow leopards. Built and run by a Ladakhi family whose ancestors herded these slopes, the lodge pairs handcrafted local timber and stone with deep comfort after long days of spotting. Guides from the village lead you to ibex, wolves and Himalayan skies, while your stay supports conservation and community livelihoods."
283,Drenmo Lodge,India,Drenmo Lodge: Ladakh's High-Altitude Haven for Snow Leopards,"Set among the cold-desert ridges of Ladakh's Ulley valley, Drenmo Lodge sits at 4,000 metres in one of the finest places on earth to track snow leopards. Built and run by a Ladakhi family whose ancestors herded these slopes, the lodge pairs handcrafted local timber and stone with deep comfort after long days of spotting. Guides from the village lead you to ibex, wolves and Himalayan skies, while your stay supports conservation and community livelihoods."
297,JAC Resort,India,JAC Resort: Refined Calm Amid India's Green Countryside,"Set among swaying palms and quiet farmland, JAC Resort offers a considered retreat where rural India unfolds at its own unhurried pace. Airy interiors draw on local craft and natural materials, while shaded verandas invite long afternoons with a book. Days might begin with birdsong walks, continue with regional dishes prepared from nearby harvests, and end beneath a sky thick with stars. Local families supply the kitchen and shape the welcome, giving every stay genuine roots."
297,JAC Resort,India,JAC Resort: Refined Calm Amid India's Green Countryside,"Set among swaying palms and quiet farmland, JAC Resort offers a considered retreat where rural India unfolds at its own unhurried pace. Airy interiors draw on local craft and natural materials, while shaded verandas invite long afternoons with a book. Days might begin with birdsong walks, continue with regional dishes prepared from nearby harvests, and end beneath a sky thick with stars. Local families supply the kitchen and shape the welcome, giving every stay genuine roots."
312,Kerala Tours,Aruba,Kerala Tours: Where Aruba's Warm Shores Meet Soulful Living,"On Aruba's sun-washed coast, Kerala Tours offers a gentler way to know the island. Days unfold between turquoise shallows, divi-divi groves and the pastel streets of Oranjestad, guided by hosts who know every hidden cove and family-run kitchen. Interiors pair natural textures with island light, while excursions favour small groups, local guides and reef-conscious practices. It is a place for travellers who prefer meaningful encounters to crowded itineraries, and quiet luxury to spectacle."
312,Kerala Tours,Aruba,Kerala Tours: Where Aruba's Warm Shores Meet Soulful Living,"On Aruba's sun-washed coast, Kerala Tours offers a gentler way to know the island. Days unfold between turquoise shallows, divi-divi groves and the pastel streets of Oranjestad, guided by hosts who know every hidden cove and family-run kitchen. Interiors pair natural textures with island light, while excursions favour small groups, local guides and reef-conscious practices. It is a place for travellers who prefer meaningful encounters to crowded itineraries, and quiet luxury to spectacle."
454,Tiger Mountain Pokhara Lodge,Nepal,"Tiger Mountain Pokhara Lodge: Himalayan Views, Grounded Luxury","Set on a ridge high above Pokhara, Tiger Mountain Pokhara Lodge looks across terraced farmland to the Annapurnas and Machhapuchhre. Hand-built stone cottages, shaded verandas and gardens alive with birdsong invite slow mornings and long conversations. Walk village trails with guides who grew up here, learn about local farming, or simply watch the light shift across the peaks. Locally staffed and community-minded, the lodge supports nearby schools, health care and conservation across the surrounding hills."
454,Tiger Mountain Pokhara Lodge,Nepal,"Tiger Mountain Pokhara Lodge: Himalayan Views, Grounded Luxury","Set on a ridge high above Pokhara, Tiger Mountain Pokhara Lodge looks across terraced farmland to the Annapurnas and Machhapuchhre. Hand-built stone cottages, shaded verandas and gardens alive with birdsong invite slow mornings and long conversations. Walk village trails with guides who grew up here, learn about local farming, or simply watch the light shift across the peaks. Locally staffed and community-minded, the lodge supports nearby schools, health care and conservation across the surrounding hills."
458,Perfume Tourism - 24 MG Road,India,Perfume Tourism - 24 MG Road: Scented Escapes in the City,"Set along the leafy stretch of MG Road, Perfume Tourism - 24 MG Road offers a stay shaped by scent and slow discovery. Interiors blend warm woods, handloom textiles and softly lit corners, while the aroma of local botanicals drifts through shared spaces. Guests can explore perfume-blending sessions with regional artisans, wander nearby markets, or simply linger over breakfast. Sourcing supports small growers and distillers, keeping traditional craft alive and rooted in the community."
458,Perfume Tourism - 24 MG Road,India,Perfume Tourism - 24 MG Road: Scented Escapes in the City,"Set along the leafy stretch of MG Road, Perfume Tourism - 24 MG Road offers a stay shaped by scent and slow discovery. Interiors blend warm woods, handloom textiles and softly lit corners, while the aroma of local botanicals drifts through shared spaces. Guests can explore perfume-blending sessions with regional artisans, wander nearby markets, or simply linger over breakfast. Sourcing supports small growers and distillers, keeping traditional craft alive and rooted in the community."
465,The Foresterie,India,"The Foresterie: Forest Living, Quietly Reimagined in India","Tucked between towering sal and teak, The Foresterie invites you into the slower rhythms of India's woodlands, where birdsong marks the hours and mist gathers in the valleys at dawn. Rooms are shaped from local stone and reclaimed timber, framing the canopy rather than competing with it. Days unfold with guided forest walks, conversations with village artisans and produce grown a short stroll away, while a share of every stay supports habitat restoration and local livelihoods."
465,The Foresterie,India,"The Foresterie: Forest Living, Quietly Reimagined in India","Tucked between towering sal and teak, The Foresterie invites you into the slower rhythms of India's woodlands, where birdsong marks the hours and mist gathers in the valleys at dawn. Rooms are shaped from local stone and reclaimed timber, framing the canopy rather than competing with it. Days unfold with guided forest walks, conversations with village artisans and produce grown a short stroll away, while a share of every stay supports habitat restoration and local livelihoods."
